Price,Close,High,Low,Open,Volume
Ticker,002745.SZ,002745.SZ,002745.SZ,002745.SZ,002745.SZ
Date,,,,,
2022-03-02,11.643450736999512,11.679166809597675,11.518444057136772,11.589876202333098,7941879
2022-03-03,11.536303520202637,11.68809705480044,11.473800600617098,11.670238591182622,13641955
2022-03-04,11.393438339233398,11.527373399889974,11.348793035168423,11.438083643298373,11583785
2022-03-07,10.938058853149414,11.339864926426808,10.920200389140518,11.339864926426808,16667652
2022-03-08,10.670187950134277,11.045207182323095,10.580898183898832,10.98270426080444,19356081
2022-03-09,10.571968078613281,10.830909826923914,10.000510045445028,10.750548447872621,21957698
2022-03-10,10.688045501708984,11.018419396801987,10.661257807741013,10.89341271289989,19602345
2022-03-11,10.768407821655273,10.77733620221987,10.375530124505978,10.491607587230158,12645500
2022-03-14,10.491606712341309,10.875555145370333,10.482677480982874,10.661257850459732,11472492
2022-03-15,9.902291297912598,10.500536188246356,9.902291297912598,10.491606956679968,20035361
2022-03-16,10.304097175598145,10.3755293238332,9.732639138179321,10.089800730892977,19766044
2022-03-17,10.393387794494629,10.580897396637571,10.321955646205735,10.411245405797663,18339831
2022-03-18,10.509465217590332,10.509465217590332,10.277310310561692,10.295167921812462,11156600
2022-03-21,10.438032150268555,10.616613370848189,10.339813160180451,10.598754908174877,11602680
2022-03-22,10.411245346069336,10.527322799257458,10.366600040760309,10.446961420008883,14478431
2022-03-23,10.50053596496582,10.554109650148192,10.411245354277371,10.473748270836262,11701593
2022-03-24,10.268381118774414,10.446961489662815,10.241594276025747,10.446961489662815,12028805
2022-03-25,10.384459495544434,10.545182269395704,10.241595186138172,10.259452799044729,14363546
2022-03-28,10.366599082946777,10.455889685314899,10.13444504955859,10.357670703940599,14545752
2022-03-29,10.1433744430542,10.455890731060643,10.08980075750579,10.438032268185587,12454622
2022-03-30,10.509465217590332,10.554109671486446,10.179090468298142,10.179090468298142,19932586
2022-03-31,10.321955680847168,10.518393663531702,10.295167986495148,10.429103903640108,15491840
2022-04-01,10.46481990814209,10.48267751938601,10.170162084541206,10.295167917863777,15355629
2022-04-06,10.527322769165039,10.527322769165039,10.366600011127318,10.40231608496477,15233516
2022-04-07,10.17909049987793,10.536252092923528,10.152303657149483,10.527322861501252,15279812
2022-04-08,9.714781761169434,10.223736042502638,9.66120722293196,10.170162355803562,31241302
2022-04-11,9.339762687683105,9.670136599058724,9.241543692908216,9.634420523546181,20943730
2022-04-12,9.589775085449219,9.598704317090146,9.241543566837034,9.312975716887657,15829281
2022-04-13,9.420124053955078,9.56298835575477,9.330833439561067,9.53620151205193,9619970
2022-04-14,9.500486373901367,9.57191853184857,9.437982597043696,9.464770294927767,8743022
2022-04-15,9.366549491882324,9.446910874330818,9.259401265797134,9.375478723607358,9912500
2022-04-18,9.357620239257812,9.446910853231918,9.196898326258191,9.375478702667996,10855053
2022-04-19,9.491556167602539,9.616562856955849,9.330833402939485,9.375478709961268,11387891
2022-04-20,9.366549491882324,9.589775175777737,9.28618810943383,9.500485413142615,10828460
2022-04-21,8.94688606262207,9.45584036325489,8.929027598686252,9.286188362018331,20279631
2022-04-22,8.929027557373047,9.062962630118273,8.80402086501599,8.920098325446451,13398752
2022-04-25,8.178988456726074,8.777233323680079,8.178988456726074,8.741517250348723,20499938
2022-04-26,7.839685916900635,8.25935044838444,7.812899072796092,8.205775908636932,17116462
2022-04-27,8.223634719848633,8.232563952106881,7.66110586065578,7.7146804026668185,18635116
2022-04-28,7.491455078125,8.036125499897528,7.402164454177406,8.02719626719507,40344359
2022-04-29,7.964693546295166,8.009338859417737,7.536099732472422,7.536099732472422,34388515
2022-05-05,7.86647367477417,8.009337979846473,7.777183058334766,7.964692671626771,19085186
2022-05-06,7.527170181274414,7.687892091383801,7.500382486640859,7.678963711377671,19065300
2022-05-09,7.562886714935303,7.678964177444071,7.491454561320437,7.5271706381278705,12189889
2022-05-10,7.678964138031006,7.723608595157325,7.384306292997435,7.455738446245668,18226946
2022-05-11,7.768253326416016,7.973621390393722,7.643247493292377,7.68789194710032,23251185
2022-05-12,7.795039653778076,7.884330258568848,7.670033828916973,7.705749900525619,15816284
2022-05-13,7.786111831665039,7.92897612832228,7.687891989059403,7.8486147485679885,15619603
2022-05-16,7.839685916900635,7.90218968852913,7.750396152706017,7.812899072796092,16570856
2022-05-17,7.9379048347473145,7.9379048347473145,7.786111316703788,7.839684998637785,17998040
2022-05-18,7.973621845245361,8.02719553348633,7.884331229459186,7.937905769238576,17881873
2022-05-19,8.10755729675293,8.10755729675293,7.768254133042666,7.80397021072067,17718036
2022-05-20,8.259350776672363,8.339712163718572,8.098628002579947,8.170060157390253,18641419
2022-05-23,8.286136627197266,8.321852700315162,8.196846870171699,8.277208247571556,13812023
2022-05-24,7.893259048461914,8.384355644303357,7.857542978848261,8.312923505076048,22815689
2022-05-25,7.982550144195557,8.027195451633398,7.857544305215695,7.857544305215695,12275763
2022-05-26,7.982550144195557,8.018266219838148,7.786112153930514,7.982550144195557,15050226
2022-05-27,7.917252540588379,8.134909636549642,7.853769689414541,8.05328833367529,15829439
2022-05-30,7.971667766571045,8.06235830366622,7.899115682850528,7.935391724710787,12509712
2022-05-31,8.198392868041992,8.22559968196589,7.89004609394108,7.98980585314374,18714975
2022-06-01,8.27094554901123,8.316290818769737,8.143978966665227,8.171186647453782,17022754
2022-06-02,8.352566719055176,8.36163594582992,8.171186508005636,8.216531776990289,15492745
2022-06-06,8.53394603729248,8.561152849881296,8.29815135515213,8.343496619392809,21387727
2022-06-07,8.479533195495605,8.778810756288244,8.425118700401917,8.660913404326136,25725565
2022-06-08,8.434187889099121,8.524877560661617,8.289083722687884,8.497670745681773,16780094
2022-06-09,8.243738174438477,8.41604914997649,8.17118609369731,8.41604914997649,13990213
2022-06-10,8.397911071777344,8.42511788424408,8.18932320316176,8.216530880517471,13390794
2022-06-13,8.343497276306152,8.4341878119279,8.243738379033466,8.325359688115231,14194477
2022-06-14,8.397911071777344,8.406980297562582,8.044219050153862,8.26187527966571,20018920
2022-06-15,8.506739616394043,8.68811981681938,8.370703817408275,8.416049083736864,25449115
2022-06-16,8.615568161010742,8.697189471444673,8.488601582014732,8.506740035395188,21607102
2022-06-17,8.606498718261719,8.64277475922289,8.425118513455857,8.515809048303307,15158873
2022-06-20,8.688119888305664,8.724395928689212,8.579291767155018,8.651843847922116,14329167
2022-06-21,8.633705139160156,8.733464021039799,8.524876167251021,8.715325570758639,12110634
2022-06-22,8.388842582702637,8.642774872766864,8.379773356120937,8.624637284492515,14762167
2022-06-23,8.64277458190918,8.66091303446216,8.370703847837625,8.388842300390605,15454560
2022-06-24,8.706258773803711,8.760672404639884,8.615568235891333,8.651844278078471,14548470
2022-06-27,8.733465194702148,8.833224089988068,8.642774660886563,8.787878823080275,16238172
2022-06-28,8.95112133026123,8.960190556511442,8.660913009366615,8.815086396064133,16482771
2022-06-29,8.778810501098633,9.114364093903234,8.778810501098633,8.887638623233446,18054276
2022-06-30,8.860431671142578,8.932983751437606,8.787878725958532,8.833223992365179,11095491
2022-07-01,8.987398147583008,9.132502320578597,8.851363201621917,8.914846061085214,18241096
2022-07-04,8.76974105834961,8.87856917779964,8.669982165076,8.860431590335809,19845419
2022-07-05,8.724395751953125,8.99646648176273,8.615567633007085,8.860431549302431,19159957
2022-07-06,8.588360786437988,8.787878571293321,8.497670255220834,8.7153264922752,15059245
2022-07-07,8.733465194702148,8.887638583255226,8.543015765600643,8.561153353430342,16756540
2022-07-08,8.651844024658203,8.869500271405682,8.633706436540434,8.724396106907363,12202376
2022-07-11,8.388842582702637,8.615568057910815,8.316290499827144,8.606498831329118,16506604
2022-07-12,8.207462310791016,8.488601413494267,8.207462310791016,8.43418778421127,12206799
2022-07-13,8.2528076171875,8.316290473278634,8.198393122760065,8.207462349312813,7775694
2022-07-14,8.298151969909668,8.379773278611902,8.216531526096476,8.216531526096476,7949499
2022-07-15,7.599837303161621,7.980736134135254,7.554492039495433,7.935390870469066,33629554
2022-07-18,7.9625983238220215,8.026082044021665,7.62704472949747,7.62704472949747,24852163
2022-07-19,8.026082038879395,8.062358079732077,7.890046237015061,7.971667545155854,13324547
2022-07-20,8.289083480834961,8.524877311928869,8.0079435179493,8.071426372679694,22717380
2022-07-21,9.114363670349121,9.114363670349121,8.289083133845002,8.33442753396053,61497287
2022-07-22,9.023673057556152,9.486193199558887,8.978327792967633,9.250398515609769,72303382
2022-07-25,8.751604080200195,9.096226948954689,8.679051988345476,9.041813312508229,39764437
2022-07-26,8.778810501098633,8.851362582521842,8.624637111852055,8.824154903321364,19524902
2022-07-27,8.778810501098633,8.815086541810238,8.679050740474946,8.73346523398687,18824300
2022-07-28,8.942051887512207,9.10529449650762,8.787878504547427,8.787878504547427,41633713
2022-07-29,8.80601692199707,8.996466343446833,8.796947696002082,8.914845039269936,20447946
2022-08-01,8.942051887512207,8.987397152776376,8.669982025705183,8.806016956608694,19713656
2022-08-02,8.697188377380371,8.887637789472238,8.56115258880678,8.806016489305874,28483382
2022-08-03,8.53394603729248,8.90577564726589,8.53394603729248,8.697188642603335,26813690
2022-08-04,8.80601692199707,8.942051852365903,8.606498274552319,8.606498274552319,24554306
2022-08-05,9.141571044921875,9.150640271457661,8.833224261817563,8.932984023933102,34949392
2022-08-08,9.105295181274414,9.223192533872167,8.93298419817866,9.223192533872167,22074039
2022-08-09,9.050880432128906,9.105294925990357,8.942052309295041,9.069018885045736,15883272
2022-08-10,9.114363670349121,9.205053335469172,8.969259514245847,8.98739710131426,23639040
2022-08-11,9.585952758789062,9.631298026542432,9.078088181640647,9.08715740816913,41659228
2022-08-12,9.740126609802246,9.876162419481167,9.50433189827005,9.703850566865684,39852373
2022-08-15,10.302404403686523,10.61075116206135,9.531538372638433,9.595021223519494,58372452
2022-08-16,10.937236785888672,11.227445103627339,10.247991166370326,10.429371364956992,82048742
2022-08-17,10.755855560302734,11.327203825906238,10.737717973161939,11.027926286526641,75811163
2022-08-18,11.218376159667969,11.254652200297805,10.474716894311777,10.719579952340926,65172230
2022-08-19,10.583545684814453,11.327204997151156,10.53820041494022,11.309067408134915,48743964
2022-08-22,10.229852676391602,10.574475484881562,10.11195533152222,10.574475484881562,42806543
2022-08-23,11.25465202331543,11.25465202331543,10.202645996704176,10.275198076822951,56160679
2022-08-24,10.59261417388916,11.562998903111264,10.266128945448807,11.562998903111264,72131694
2022-08-25,10.17543888092041,10.574475309732057,10.039403086067876,10.529130044781212,42196676
2022-08-26,9.92150592803955,10.275197963380434,9.876161527132702,10.139163030881868,35215081
2022-08-29,10.066611289978027,10.066611289978027,9.53153903835495,9.749195283625308,25270697
2022-08-30,9.667573928833008,10.075679602970292,9.60409107382404,10.012196747961324,22832619
2022-08-31,9.232261657714844,9.803609960912013,9.168777936322456,9.613160526512956,27264438
2022-09-01,9.24133014678955,9.368296726434963,9.096225978559975,9.232261784942,14124476
2022-09-02,9.858023643493652,10.093818347322122,9.132501943577084,9.295744563902803,35388688
2022-09-05,9.812677383422852,9.966850761507855,9.685711682568593,9.894298685337144,17851742
2022-09-06,10.102888107299805,10.320544369297831,9.649437129026028,9.776402849413659,23433901
2022-09-07,9.957781791687012,10.166369664705405,9.885229713651656,10.003127056681357,17441148
2022-09-08,9.794539451599121,10.021264897863503,9.649435304372146,9.939643598826095,14778558
2022-09-09,9.658504486083984,9.812677871842874,9.43177902054315,9.776401831951901,12149288
2022-09-13,9.413640975952148,9.776401357247638,9.34108889969305,9.69478005523391,14901154
2022-09-14,9.150640487670898,9.359227513588209,9.032743134587133,9.232261798643435,17960343
2022-09-15,8.615568161010742,9.223192511031046,8.533946850576811,9.214123284340818,27714254
2022-09-16,8.26187515258789,8.67905001851342,8.243737566185368,8.624636394416894,21578648
2022-09-19,8.116771697998047,8.343497169254356,8.062358069234392,8.261875861219838,12049804
2022-09-20,8.134909629821777,8.289083009592716,8.071425913811462,8.189323255100355,15181852
2022-09-21,8.08956527709961,8.14397890850999,7.899115837385125,8.13491054653431,16267099
2022-09-22,7.989806175231934,8.162117156881584,7.962598495322209,8.02608221688918,14400911
2022-09-23,7.835631847381592,8.01701203403393,7.772148133386559,8.007942808479076,20316242
2022-09-26,7.835631847381592,7.971666771148607,7.681458472504866,7.781217358941414,15884780
2022-09-27,7.935390949249268,7.953529400851403,7.826562834303384,7.835632060104452,12343450
2022-09-28,7.63611364364624,7.926321958785042,7.63611364364624,7.917252732714704,13040485
2022-09-29,7.554492950439453,7.754011615695876,7.5000793193898385,7.699597119757189,9985230
2022-09-30,7.5091471672058105,7.627044512927119,7.481940353543666,7.57263088560283,9254959
2022-10-10,7.29149055480957,7.59076808443732,7.282421329090192,7.5272852341796055,12379443
2022-10-11,7.309629917144775,7.373112775313467,7.19173213032333,7.291491463445678,11240867
2022-10-12,7.572631359100342,7.590768947712865,7.191732052013093,7.309629837550759,15498185
2022-10-13,7.54542350769043,7.6361140433630545,7.463802198562877,7.48194065165302,14965199
2022-10-14,7.772149085998535,7.844701169551989,7.590768877114899,7.61797569222518,16838397
2022-10-17,7.862839698791504,7.899115740918435,7.672390261402853,7.7086663035297835,13555064
2022-10-18,7.826563358306885,7.944460706947291,7.726804462483018,7.8719086254592,14249246
2022-10-19,7.790287017822266,7.971667214563674,7.772148565703624,7.790287017822266,13613232
2022-10-20,7.835631847381592,7.9172522827084295,7.645182435174398,7.717734509835333,15406359
2022-10-21,7.781217575073242,7.880976464280703,7.735872310928405,7.871908103362917,9785240
2022-10-24,7.663320541381836,7.953529724606374,7.590768461797954,7.799356339268372,13613343
2022-10-25,7.572631359100342,7.708666300805998,7.43659555250562,7.5998381744636605,14158603
2022-10-26,7.763079643249512,7.799355679974975,7.554491783411397,7.590767820136859,14077569
2022-10-27,7.880975723266602,8.026080727864278,7.754010033465865,7.799355293347083,20004797
2022-10-28,7.518216133117676,7.9444602352172575,7.45473328180737,7.8265628935774165,19495926
2022-10-31,7.554492950439453,7.636114261902947,7.4456648234511515,7.491010092585212,15005785
2022-11-01,7.790287017822266,7.7993562438815855,7.518216290265651,7.572630781732575,21384590
2022-11-02,7.862839698791504,7.953530236553364,7.781218387783644,7.808425203156576,16303143
2022-11-03,7.944460391998291,7.962597979206753,7.7812177826771345,7.808424595934327,16369353
2022-11-04,8.044219970703125,8.116772055509653,7.908185027913154,7.944461070316418,29684237
2022-11-07,8.026082038879395,8.12584093500201,7.980736771591284,8.035150400425788,20143209
2022-11-08,7.953530788421631,8.035151240203788,7.8628402443670655,8.026082877709634,14249518
2022-11-09,8.007943153381348,8.062357644165159,7.908184262648182,7.944460301541059,15196943
2022-11-10,7.917252540588379,8.0260815210135,7.871908141115055,7.935390992288893,15208510
2022-11-11,7.953530788421631,8.08049651223107,7.935392333655067,8.035151240203788,22101246
2022-11-14,7.953530788421631,8.035151240203788,7.8809778342445025,7.9444615610383496,14079982
2022-11-15,8.225600242614746,8.225600242614746,7.917253447497218,7.944461128164585,22969610
2022-11-16,8.143978118896484,8.298151501092876,8.107702079843744,8.298151501092876,16640635
2022-11-17,8.216530799865723,8.225599160672973,8.035149745497275,8.116771046985283,14400603
2022-11-18,8.044219970703125,8.225600182719443,8.02608238194603,8.216531820785432,17055404
2022-11-21,7.998874664306641,8.035150706541334,7.890046537602566,8.007943891087582,12648293
2022-11-22,7.917252540588379,8.062357559525548,7.899114953776845,7.99887384346273,13398554
2022-11-23,7.862839698791504,7.953530236553364,7.726804757037782,7.926322556291366,13762712
2022-11-24,7.980737209320068,8.017013252162425,7.844701399994421,7.880977442836777,12477345
2022-11-25,7.835631847381592,8.01701203403393,7.817493396271882,7.971666771148607,10941262
2022-11-28,7.726805210113525,7.754012027081779,7.663321484002109,7.754012027081779,9131063
2022-11-29,7.917252540588379,7.935390992288893,7.754010799728657,7.754010799728657,12138776
2022-11-30,7.880975723266602,7.98073546798306,7.853768913293428,7.953528658009887,11365575
2022-12-01,7.980737209320068,8.062358521937641,7.917253485679133,7.953530393410572,16268540
2022-12-02,8.007943153381348,8.035149966328758,7.962597888543003,7.97166711448847,8965699
2022-12-05,8.08049488067627,8.08049488067627,8.017012031589545,8.026081257141636,13711098
2022-12-06,8.062357902526855,8.125840756401479,7.998874183763214,8.098633942582213,13365377
2022-12-07,7.989806175231934,8.053289031909848,7.962598495322209,8.035150578636697,11585284
2022-12-08,7.862839698791504,7.9988746405452265,7.844701245283506,7.980737051926295,16014492
2022-12-09,7.880975723266602,7.899114173174646,7.781216843439037,7.862838138247451,10231292
2022-12-12,8.071427345275879,8.22560075238941,7.862840303233533,7.908185575600301,23806886
2022-12-13,7.989806175231934,8.062358258546423,7.962598495322209,8.044219805273274,11386869
2022-12-14,7.908185005187988,8.13491048577913,7.899115778390966,8.017013132085049,14779114
2022-12-15,8.026082038879395,8.098634120584757,7.808424928874269,7.85377019616238,15537623
2022-12-16,7.944460391998291,8.017012470610139,7.908184352692367,8.007943244561407,10286147
2022-12-19,7.617975234985352,7.9535296823910295,7.56356160803076,7.908184416669532,19117200
2022-12-20,7.627044200897217,7.681458690884368,7.509146859999205,7.617974975084529,8111935
2022-12-21,7.56356143951416,7.663320329967615,7.50914694888292,7.645182743016527,7098782
2022-12-22,7.4547343254089355,7.636114543750823,7.418458281740558,7.581700045803705,8038698
2022-12-23,7.427525997161865,7.481940490370277,7.36404314249291,7.36404314249291,6289172
2022-12-26,7.5091471672058105,7.5091471672058105,7.418457500035658,7.418457500035658,6243767
2022-12-27,7.518216133117676,7.572630623447211,7.445664055937618,7.509146907247923,5829815
2022-12-28,7.409388542175293,7.518216665653981,7.391250089150989,7.518216665653981,6475692
2022-12-29,7.327767372131348,7.4184579091924485,7.300560556968642,7.38218186734582,8074366
2022-12-30,7.354974269866943,7.373112723438425,7.3096298657163805,7.354974269866943,6418874
2023-01-03,7.4910101890563965,7.536355458774425,7.309629975073365,7.354974379902311,13356513
2023-01-04,7.5000786781311035,7.545423078499134,7.436594960815666,7.481940226072693,7487013
2023-01-05,7.581699371337891,7.645183090776886,7.491009702679226,7.518216516787923,14770545
2023-01-06,7.799356460571289,8.13491005008784,7.545423313189286,7.563561765811868,39673239
2023-01-09,7.799356460571289,7.8991153553284175,7.681459113191578,7.799356460571289,20551539
2023-01-10,7.744942665100098,7.844701568841487,7.726805075733074,7.808425525218336,10536261
2023-01-11,7.599837303161621,7.808424305181533,7.581698851739559,7.790286718648438,15168411
2023-01-12,7.627044200897217,7.663320239258992,7.481940047450117,7.581698936722755,16990937
2023-01-13,7.627044200897217,7.690527051808079,7.5544921241736676,7.627044200897217,11387411
2023-01-16,7.744942665100098,7.781218708723249,7.590769263479431,7.627045307102581,14711405
2023-01-17,7.763079643249512,7.835631716700438,7.699595930313248,7.744941192442312,13729338
2023-01-18,7.744942665100098,7.808425525218336,7.726805075733074,7.790287935851312,9841947
2023-01-19,7.754011154174805,7.772148741815431,7.581699314699242,7.6179753548695155,13172353
2023-01-20,7.772149085998535,7.790287539331428,7.717735455777973,7.772149085998535,11597000
2023-01-30,7.862839698791504,7.9353917830453655,7.8265636566645735,7.8809772874104365,17487599
2023-01-31,7.871909141540527,7.890046730657131,7.808425417409688,7.844701460531986,12245440
2023-02-01,8.007943153381348,8.017012379326815,7.871908223755304,7.935391075595593,16113838
2023-02-02,7.971667766571045,8.06235830366622,7.971667766571045,8.05328907697889,12912687
2023-02-03,7.989806175231934,8.035150578636697,7.853770370350474,7.998874536979454,14317506
2023-02-06,7.953530788421631,8.04422046758707,7.917253878888503,7.935392333655067,10304726
2023-02-07,8.08956527709961,8.1167720928048,7.953530333684583,7.953530333684583,17924335
2023-02-08,8.116771697998047,8.243738273261632,8.080495657192598,8.116771697998047,23173932
2023-02-09,8.370704650878906,8.388843105171995,8.07142707415579,8.116772344999406,26966381
2023-02-10,8.397911071777344,8.543015224785242,8.334427356169657,8.37977262020687,25341163
2023-02-13,8.488601684570312,8.515809364969709,8.343497515329823,8.388842784439744,20807366
2023-02-14,8.524877548217773,8.697189394246381,8.45232546511806,8.488601506667917,16538154
2023-02-15,8.724395751953125,8.769741017736226,8.497670287926622,8.543015553709724,23551330
2023-02-16,8.416049003601074,8.733464999989813,8.325359336696442,8.706258186407325,35320534
2023-02-17,8.397911071777344,8.524876773214768,8.361635033525369,8.416048658458843,19312909
2023-02-20,8.488601684570312,8.497670911370111,8.3072214730197,8.397912011239542,13611397
2023-02-21,8.488601684570312,8.552085407279831,8.397912011239542,8.45232564226019,12769096
2023-02-22,8.452324867248535,8.506739358168874,8.379772789280745,8.434187280201083,9135308
2023-02-23,8.397911071777344,8.49766996074803,8.343496581954895,8.452324696710818,10434901
2023-02-24,8.425118446350098,8.497670527694567,8.379773179287545,8.406980858458496,8461384
2023-02-27,8.307221412658691,8.434187992266105,8.270945370612154,8.434187992266105,12003729
2023-02-28,8.370704650878906,8.488602009116665,8.270945746934236,8.316291017777852,13038149
2023-03-01,8.506739616394043,8.570222470320656,8.334427777323208,8.388842269895319,13371678
2023-03-02,8.416049003601074,8.561153162559695,8.406980642332918,8.561153162559695,11569300
2023-03-03,8.416049003601074,8.49767030923755,8.343496924121764,8.416049003601074,9854249
2023-03-06,8.443256378173828,8.488600777549555,8.388841888078385,8.443256378173828,10059001
2023-03-07,8.171186447143555,8.479533236075623,8.171186447143555,8.43418796742872,16645010
2023-03-08,8.334426879882812,8.361634555683688,8.125839888076307,8.1439774737213,11990666
2023-03-09,8.416049003601074,8.434187455915406,8.325359336696442,8.370703737704252,9185600
2023-03-10,8.388842582702637,8.479533118741529,8.334428088101491,8.397911809284336,9180605
2023-03-13,8.26187515258789,8.379772491315645,8.216530754137105,8.32535886721912,10692894
2023-03-14,8.2528076171875,8.316290473278634,8.089564998794243,8.316290473278634,12109571
2023-03-15,8.352566719055176,8.479533299234388,8.261876181085873,8.261876181085873,10596605
2023-03-16,8.280014038085938,8.416048970349928,8.261875585843269,8.325359303803603,9368100
2023-03-17,8.352566719055176,8.452325618910155,8.316290676845268,8.334428265505688,10151653
2023-03-20,8.361635208129883,8.416048834199602,8.316289943145788,8.352565982155266,8325202
2023-03-21,8.51580810546875,8.552084142413591,8.334427055855599,8.406979994634225,17247037
2023-03-22,8.579291343688965,8.597428930540971,8.47953245378047,8.552084530966463,14328462
2023-03-23,8.706258773803711,8.715327135683694,8.524877697978955,8.570222966935145,15037719
2023-03-24,8.80601692199707,8.82415450909805,8.651843539638262,8.73346484381516,17252400
2023-03-27,8.64277458190918,8.842293235546855,8.533946461258362,8.806017195329916,16011943
2023-03-28,8.49767017364502,8.706258047486475,8.488600947632566,8.688119595461567,11069795
2023-03-29,8.552085876464844,8.660914009365747,8.443257743563942,8.506740604867188,12120328
2023-03-30,8.524877548217773,8.588361269596811,8.42511865017793,8.524877548217773,8583126
2023-03-31,8.506739616394043,8.552084882722632,8.416049083736864,8.506739616394043,8591692
2023-04-03,8.615568161010742,8.66091342957282,8.515809262085417,8.524877623886583,10915919
2023-04-04,8.67905044555664,8.733464937219534,8.588360779303825,8.633706044874735,13963213
2023-04-06,8.95112133026123,9.00553582287348,8.606498516754366,8.633706195504999,25145092
2023-04-07,8.8241548538208,9.005535921250369,8.76067199915387,8.96925988074226,16623436
2023-04-10,8.706258773803711,8.932984253695588,8.68812032026561,8.796948446827022,15340128
2023-04-11,8.8241548538208,8.878569347027478,8.660913103978828,8.715326732296477,18042476
2023-04-12,8.860431671142578,8.923914525178471,8.760671912070151,8.824154766106046,14860916
2023-04-13,8.552085876464844,8.869501047870198,8.52487819457278,8.869501047870198,19805964
2023-04-14,8.53394603729248,8.615567339947908,8.343496619392809,8.606498114121976,18042694
2023-04-17,8.579291343688965,8.74253394980194,8.515808492373466,8.533946079225474,16551247
2023-04-18,7.899114608764648,8.416048351205282,7.735872010145946,8.416048351205282,48151853
2023-04-19,7.844701290130615,8.071426770942356,7.83563292821384,7.926322601605094,18560530
2023-04-20,7.781217575073242,7.880976464280703,7.681458685865782,7.853769651749391,16164552
2023-04-21,7.5000786781311035,7.781217765924481,7.44566418684487,7.754010952725864,19804371
2023-04-24,7.41845703125,7.509146692689309,7.35497331686463,7.500078331967648,12514369
2023-04-25,7.255215167999268,7.500079095065985,7.1735938589770285,7.500079095065985,16131402
2023-04-26,7.327767372131348,7.373112640661898,7.209870019907542,7.237077267514778,9978838
2023-04-27,7.518216133117676,7.663320287477793,7.345905166037283,7.382181204627312,17125904
2023-04-28,8.062357902526855,8.134909982637572,7.5000788492242885,7.518216436807459,30662673
2023-05-04,7.826563358306885,8.125840910667518,7.8084249054903445,8.026082014843652,16293731
2023-05-05,7.890046119689941,7.926322160003197,7.7268043707248,7.8265632653639985,12953526
2023-05-08,7.980737209320068,8.017013252162425,7.862839853860141,7.917253485679133,11035649
2023-05-09,8.026082038879395,8.243738283995484,7.8991154634504905,7.953529957174031,16941853
2023-05-10,8.071427345275879,8.171187117460594,7.998875255444704,8.026082937798243,10325364
2023-05-11,8.2528076171875,8.307221246725888,8.09863422534699,8.116771813563437,16171220
2023-05-12,8.180255889892578,8.289084018585877,8.116772166154673,8.25280797568811,11009400
2023-05-15,8.134909629821777,8.198392480943111,8.02608151437564,8.180254894146579,12431790
2023-05-16,8.035149574279785,8.134909325034489,7.953529139419957,8.098633287911582,10989068
2023-05-17,8.053289413452148,8.134910727270203,7.971668099634095,7.989806553766594,7780486
2023-05-18,8.035149574279785,8.143977685648505,7.9898051765428635,8.062357250788676,8249404
2023-05-19,8.162117004394531,8.198393045374056,8.035150428521673,8.035150428521673,9605700
2023-05-22,8.207462310791016,8.280014393094374,8.134910228487659,8.162117043129156,8909100
2023-05-23,8.2528076171875,8.461394638566398,8.189323896207318,8.261875978851199,17674528
2023-05-24,8.162117004394531,8.280014353800247,8.053288881455956,8.189323818906916,11771437
2023-05-25,8.134909629821777,8.270944557907203,8.017012288532884,8.171185668303822,8594877
2023-05-26,8.180255889892578,8.180255889892578,8.053289307305855,8.1349106200481,6240087
2023-05-29,8.161913871765137,8.336157474128767,8.116061120750127,8.180255671839273,8488527
2023-05-30,8.20776653289795,8.216937431857374,8.070206546846807,8.116060167058874,7070820
2023-05-31,8.363669395446777,8.418693921714235,8.134402139405193,8.180255765530545,11596034
2023-06-01,8.40952205657959,8.492058399217145,8.299473891257875,8.326985713942037,12808284
2023-06-02,8.354496955871582,8.528740528124064,8.345326932004356,8.41869237045224,11188446
2023-06-05,8.326985359191895,8.437033519825285,8.299473537679805,8.372838978102067,10159537
2023-06-06,8.051864624023438,8.345327264077298,8.051864624023438,8.326985466442974,10801359
2023-06-07,8.262791633605957,8.290303457835458,8.033524390994815,8.061036215224318,13417538
2023-06-08,8.134401321411133,8.336156731323085,8.051864977602376,8.281132210588884,8950456
2023-06-09,8.070206642150879,8.171083908140677,7.978499400643738,8.161913009072949,8951931
2023-06-12,8.363669395446777,8.418693921714235,8.033524861597558,8.070207587580805,18840832
2023-06-13,8.326985359191895,8.409521698313197,8.299473537679805,8.345327156589978,8015219
2023-06-14,8.336156845092773,8.400351391337878,8.317815046402687,8.32698594574773,7894560
2023-06-15,8.354496955871582,8.41869237045224,8.299473314328177,8.345326932004356,8236618
2023-06-16,8.427862167358398,8.510398502035828,8.308643989029875,8.354496730886234,13618716
2023-06-19,8.418693542480469,8.556253540074735,8.382010818149656,8.482888091413109,12144278
2023-06-20,8.391180038452148,8.473716378926277,8.345327293375457,8.44620455696325,11601700
2023-06-21,8.281132698059082,8.446205395393628,8.262791773124766,8.3911808714204,9449457
2023-06-26,8.015181541442871,8.262790550816064,8.006010643039788,8.262790550816064,11213978
2023-06-27,8.281132698059082,8.308645397338266,8.015182727122948,8.015182727122948,9412167
2023-06-28,8.336156845092773,8.446205013477996,8.17108415522239,8.400351391337878,13923668
2023-06-29,8.455375671386719,8.482887494051171,8.25362026448222,8.345327506143832,13544524
2023-06-30,8.437034606933594,8.501230031513403,8.391180982115202,8.427863707052886,12089119
2023-07-03,8.455375671386719,8.501229292217523,8.41869294963909,8.437033873220367,10170134
2023-07-04,8.620448112487793,8.693813561349254,8.437034490334144,8.48288811451884,19742078
2023-07-05,8.54708194732666,8.666301010381503,8.510399225970174,8.647960086995793,10712663
2023-07-06,8.620448112487793,8.684643536180424,8.473717214764873,8.528741738703538,11449678
2023-07-07,8.510398864746094,8.63878882133681,8.473716144946607,8.629617922740682,10911100
2023-07-10,8.437034606933594,8.556253681627354,8.382010956819643,8.510400056808962,9242691
2023-07-11,8.592934608459473,8.620446427759491,8.418691920112735,8.437032841451092,10435900
2023-07-12,8.501229286193848,8.657130197572,8.473716588963814,8.592935653205403,9029081
2023-07-13,8.675472259521484,8.684643158877023,8.482887745980682,8.49205864533622,12999554
2023-07-14,8.702983856201172,8.748837477198807,8.629618412438987,8.739666578082264,10122495
2023-07-17,8.7488374710083,8.84054471293868,8.620447507222785,8.647960204552945,12054100
2023-07-18,8.767179489135742,8.877227657461493,8.712154967680318,8.758008589795656,10420257
2023-07-19,8.7488374710083,8.831373813828627,8.666301128187975,8.776349293753384,8853855
2023-07-20,8.629617691040039,8.794690362998129,8.60210587057536,8.758007644183554,10177232
2023-07-21,8.54708194732666,8.666301010381503,8.519570124955562,8.592935567668533,7322216
2023-07-24,8.510398864746094,8.620447024144553,8.492057942138864,8.54708158454558,8318952
2023-07-25,8.629617691040039,8.64795948773983,8.52874043294621,8.57459405011068,7469726
2023-07-26,8.446205139160156,8.62961875586478,8.418693315300741,8.602106932005364,9311039
2023-07-27,8.391180038452148,8.528740897437379,8.363668216489122,8.437033658113892,9546562
2023-07-28,8.437034606933594,8.473717331871278,8.299474607063567,8.354498257177518,7357332
2023-07-31,8.528740882873535,8.592935425539325,8.437033643706648,8.464545465622695,7845303
2023-08-01,8.556253433227539,8.574595232456469,8.473717085867607,8.556253433227539,5434767
2023-08-02,8.565423965454102,8.647960309273886,8.519570343933655,8.556253066232994,6592988
2023-08-03,8.629617691040039,8.666300409854614,8.537911331296105,8.565423151760784,8436216
2023-08-04,8.647960662841797,8.730497010036043,8.592936139850591,8.666301587448784,7376000
2023-08-07,8.620448112487793,8.712155360857187,8.583765388057063,8.638789911995726,7090257
2023-08-08,8.528740882873535,8.629618146289069,8.501229060957488,8.592935425539325,5130160
2023-08-09,8.400351524353027,8.537912392951585,8.363668800977102,8.528741493461323,7343038
2023-08-10,8.363669395446777,8.446205747555375,8.308645743764494,8.400352121430023,7933566
2023-08-11,8.189425468444824,8.427862715185741,8.189425468444824,8.418692690969394,9711084
2023-08-14,8.171083450317383,8.189425247425156,8.015181673241415,8.143571629240748,8838438
2023-08-15,8.033523559570312,8.198595362448447,7.99684083953239,8.171083541066263,7518227
2023-08-16,7.978499889373779,8.061036236869027,7.960158964699905,8.015182613306653,6054400
2023-08-17,8.033523559570312,8.042694458226052,7.859279983451406,7.914304500800807,7229035
2023-08-18,7.960158824920654,8.079377894255309,7.950987925452194,8.033524271498116,6129328
2023-08-21,7.868451118469238,8.033523800891059,7.850110195191847,7.923475637471531,6862316
2023-08-22,7.914304733276367,7.950987454391811,7.76757384881459,7.868451113235797,7290590
2023-08-23,7.795085906982422,7.950987695088878,7.795085906982422,7.9143049728629515,5905000
2023-08-24,7.767574310302734,7.886793379657252,7.767574310302734,7.822597957952444,7255200
2023-08-25,7.703378200531006,7.895962699273532,7.675866379163511,7.76757361650187,10738247
2023-08-28,7.831768989562988,8.1527434797473,7.758403541735452,8.051865333045596,15190141
2023-08-29,7.941816806793213,8.006011352130475,7.785915018472647,7.795085917687994,13469256
2023-08-30,8.106888771057129,8.116059669454277,7.960157895042793,7.987669715649229,13493642
2023-08-31,8.152742385864258,8.180254206461942,8.042694228888516,8.097717870083883,12245909
2023-09-01,8.20776653289795,8.216937431857374,8.097718369140022,8.180254710604734,8362900
2023-09-04,8.317815780639648,8.326986680794233,8.180255776661587,8.216938502694749,11623556
2023-09-05,8.418693542480469,8.455376266811282,8.299474469759042,8.345328093818843,10836700
2023-09-06,8.528740882873535,8.55625270478958,8.336156380291115,8.391180024123207,11725700
2023-09-07,8.418693542480469,8.52874171547291,8.400351743022496,8.52874171547291,12235480
2023-09-08,8.391180038452148,8.482887277775635,8.354497317639764,8.427862759264533,7775600
2023-09-11,8.455375671386719,8.492058393134348,8.36366842972511,8.437033873220367,8759349
2023-09-12,8.437034606933594,8.46454643199057,8.363669157058226,8.455376406695011,9436611
2023-09-13,8.317815780639648,8.437034858893718,8.23527942841874,8.437034858893718,8041273
2023-09-14,8.262791633605957,8.30864525704521,8.198596210956953,8.30864525704521,5749500
2023-09-15,8.27196216583252,8.354497634855422,8.235278569042228,8.290303089642581,5553104
2023-09-18,8.345328330993652,8.363669256387741,8.171084729531422,8.28113290565144,7338300
2023-09-19,8.235278129577637,8.317814468781183,8.143571766250949,8.317814468781183,7659337
2023-09-20,8.116060256958008,8.244449345471851,8.079377535299043,8.226108421934905,8529100
2023-09-21,8.106888771057129,8.152742388457861,8.04269423144711,8.079376950450694,6780506
2023-09-22,8.262791633605957,8.271962533210832,8.04269529059969,8.070207114829193,6046662
2023-09-25,8.161913871765137,8.262792023002554,8.116061120750127,8.262792023002554,6202200
2023-09-26,8.051864624023438,8.180254583708567,8.042694599791323,8.152742761842127,5858800
2023-09-27,8.033523559570312,8.134400821028342,7.99684083953239,8.079377178263973,6533986
2023-09-28,8.20776653289795,8.235278355191165,8.015182027675312,8.015182027675312,9527711
2023-10-09,8.216937065124512,8.244448886189838,8.106888906278181,8.161912548408836,12336811
2023-10-10,8.262791633605957,8.30864525704521,8.1894261859372,8.216938010166704,7705800
2023-10-11,8.391180038452148,8.455375455812609,8.281131876014994,8.299473673713713,11965000
2023-10-12,8.482888221740723,8.51040004676523,8.382010946927434,8.427863697106561,11234678
2023-10-13,8.583765029907227,8.629618652178722,8.4278632389352,8.4278632389352,13813294
2023-10-16,8.473715782165527,8.629617553285055,8.44620396214002,8.583763936852549,9764406
2023-10-17,8.501229286193848,8.547082032407088,8.418692943673896,8.482887488040493,6988091
2023-10-18,8.363669395446777,8.519571199521868,8.363669395446777,8.473717573396517,7003673
2023-10-19,8.326985359191895,8.482887138735457,8.317814460492853,8.345327156589978,9050688
2023-10-20,8.189425468444824,8.382009970348864,8.161912772040642,8.281131832703624,8562356
2023-10-23,7.996841907501221,8.180255532185507,7.905134657866503,8.15274370712915,10740609
2023-10-24,7.859281063079834,8.006011963387929,7.39157653699407,7.987671038141993,21081450
2023-10-25,8.02435302734375,8.079377547205825,7.804256697065596,7.886793039566172,12761100
2023-10-26,8.097718238830566,8.116060036454261,7.886792813668378,7.9784991780317025,7512200
2023-10-27,8.216937065124512,8.253619784739955,8.042694365597411,8.097718007728064,9901971
2023-10-30,8.464546203613281,8.501229802146375,8.180255311662817,8.20776713597751,12680465
2023-10-31,8.501229286193848,8.611277451358758,8.4278629681655,8.49205838711717,11870432
2023-11-01,8.519570350646973,8.547082173746885,8.446204905990482,8.519570350646973,11195400
2023-11-02,8.363669395446777,8.583765751346256,8.345328469747741,8.519571199521868,9905078
2023-11-03,8.501229286193848,8.51957020976213,8.363668423798904,8.382010221952259,9344978
2023-11-06,8.592934608459473,8.629617325721153,8.519569173936112,8.528740071897774,12008031
2023-11-07,8.602107048034668,8.638789771870385,8.528741600363231,8.528741600363231,9515585
2023-11-08,8.473715782165527,8.620446655081556,8.427862165733021,8.620446655081556,15066361
2023-11-09,8.27196216583252,8.492058499063763,8.253620367437374,8.455375776858556,17292600
2023-11-10,8.30864429473877,8.372838835367643,8.216937058481788,8.253619778067575,11843669
2023-11-13,8.40952205657959,8.46454570194791,8.31781481485229,8.36366843571594,9751000
2023-11-14,8.583765029907227,8.629618652178722,8.354497793134847,8.372839591877486,16135485
2023-11-15,8.602107048034668,8.693813420331402,8.565424324198949,8.620447972659965,11652400
2023-11-16,8.528740882873535,8.68464266470621,8.528740882873535,8.602106324373024,10376000
2023-11-17,8.583765029907227,8.611277728021184,8.492058659949336,8.510399584106873,9536300
2023-11-20,8.556253433227539,8.620447981358542,8.501229784711,8.583765257485808,11660500
2023-11-21,8.437034606933594,8.565424581508061,8.427863707052886,8.556253681627354,11086975
2023-11-22,8.326985359191895,8.482887138735457,8.326985359191895,8.400350799614154,11859993
2023-11-23,8.501229286193848,8.51957020976213,8.299473879432307,8.299473879432307,11203993
2023-11-24,8.391180038452148,8.492058176624994,8.372839115338481,8.455375455812609,9314252
2023-11-27,8.528740882873535,8.565423603623278,8.345327279124813,8.391180024123207,13595700
2023-11-28,8.666301727294922,8.702984451685959,8.464546305851652,8.482888105339738,18340152
2023-11-29,8.620448112487793,8.712155360857187,8.574595362888234,8.647960811749694,12172478
2023-11-30,8.372838973999023,8.647959812740197,8.290302634918168,8.63878891404565,18704178
2023-12-01,8.354496955871582,8.391179675095524,8.061035202080049,8.36366785432382,19091683
2023-12-04,8.235278129577637,8.372838986445226,8.226108105454495,8.345327164905724,11895900
2023-12-05,7.950987815856934,8.226108674022747,7.950987815856934,8.207766875338647,19380800
2023-12-06,7.932645797729492,7.987670317674533,7.804256708832854,7.950987595906197,15593374
2023-12-07,8.042695999145508,8.061036925385935,7.8867941904684775,7.905135116708904,16202711
2023-12-08,8.161913871765137,8.161913871765137,8.006012069475643,8.006012069475643,26200903
2023-12-11,7.978499889373779,8.097718960801902,7.749232646147032,8.088548061172402,35209387
2023-12-12,7.941816806793213,8.061035872837476,7.877622261455952,8.02435315056117,22521492
2023-12-13,7.877622127532959,7.996841191550445,7.877622127532959,7.932645772719447,14560820
2023-12-14,7.895963191986084,8.024353157354385,7.886793167348059,7.886793167348059,12477491
2023-12-15,7.88679313659668,7.978499504714963,7.8409395152449965,7.9143049595736565,11540200
2023-12-18,7.694209098815918,7.850110896228986,7.675867299315493,7.840939996478773,11272590
2023-12-19,7.749232292175293,7.7675740905964705,7.65752592382466,7.69420864608193,11555554
2023-12-20,7.657526016235352,7.776744209071386,7.657526016235352,7.712549662992737,8081836
2023-12-21,7.639184474945068,7.675867198880808,7.501624478832326,7.611672650639545,12206634
2023-12-22,7.5291361808776855,7.648355250379209,7.483282558056313,7.611672527039134,12513807
2023-12-25,7.556647777557373,7.5933304997946385,7.4924532322884305,7.51079415611452,8915700
2023-12-26,7.4190874099731445,7.574989190187997,7.400745612496084,7.5566473927109366,8529900
2023-12-27,7.519964694976807,7.538306492509076,7.400745634772187,7.437428355251682,11633729
2023-12-28,7.639184474945068,7.666696299250592,7.419088131330631,7.501624478832326,13377553
2023-12-29,7.941816806793213,7.9509877060085605,7.584160483245514,7.593330507875775,20851083
2024-01-02,7.9234747886657715,7.969327529239784,7.877621173506792,7.969327529239784,13502354
2024-01-03,7.785915374755859,7.91430534589059,7.740061751165946,7.868451722300677,13102410
2024-01-04,7.675867080688477,7.767574326408289,7.620843432924679,7.767574326408289,10066900
2024-01-05,7.501623630523682,7.703378152062612,7.455770012143006,7.657525408266963,11203616
2024-01-08,7.2723565101623535,7.52913600483142,7.2723565101623535,7.483282383082197,23164972
2024-01-09,7.235673904418945,7.3548934103488985,7.189820719222482,7.281527526907961,16073498
2024-01-10,7.171479225158691,7.290697854300416,7.061430620677226,7.244844669951305,12801158
2024-01-11,7.345722198486328,7.354893097511071,7.153137691892058,7.171479052649011,11713328
2024-01-12,7.263185977935791,7.391575942674761,7.254015078757632,7.336551422190893,10471647
2024-01-15,7.2723565101623535,7.354893291686483,7.198991065197633,7.263186048188037,7406900
2024-01-16,7.198990821838379,7.318209884522165,7.1256253793537505,7.25401490370185,12762478
2024-01-17,7.024747848510742,7.208161896485336,7.01557738662291,7.189820535417131,11730000
2024-01-18,7.070600986480713,7.2081614037348825,6.850504231415539,7.033918266851936,23075217
2024-01-19,7.01557731628418,7.208161824215739,6.978894594515553,7.107284120705747,16201521
2024-01-22,6.5295305252075195,7.024747700938327,6.428653260097841,6.933040897523831,23611950
2024-01-23,6.621237277984619,6.667090897987458,6.437823672558325,6.529530475271472,15401642
2024-01-24,6.777139186859131,6.822992807711877,6.456165152767522,6.63957876159343,17457119
2024-01-25,7.006406784057617,7.006406784057617,6.6946036326979925,6.7404568186634215,17928303
2024-01-26,6.8688459396362305,7.061430446101969,6.859675477910142,6.960553180652322,13698867
2024-01-29,6.878016948699951,7.006406475967106,6.767968782470962,6.896358309738116,19409555
2024-01-30,6.593725681304932,6.8871878973151635,6.575384320135076,6.832163376513053,17684475
2024-01-31,6.355287075042725,6.639578370628964,6.34611661378769,6.5937251897687705,18360981
2024-02-01,6.263580322265625,6.483677078813777,6.162702623960534,6.318604402079535,18321500
2024-02-02,5.997630596160889,6.410311427973989,5.79587562972377,6.263580543292448,21677058
2024-02-05,5.52992582321167,5.979289387621938,5.410706757730053,5.960948026570346,29843259
2024-02-06,5.9426069259643555,6.034313735241533,5.2914879241575585,5.44738971857504,27454737
2024-02-07,6.281922340393066,6.336946425972133,5.878411942187347,5.924265565482849,26834762
2024-02-08,6.749627113342285,6.786309833744212,6.281921772278941,6.309434031226647,29155760
2024-02-19,6.621237277984619,6.841334041788701,6.492847754186213,6.822992681246072,29678873
2024-02-20,6.63040828704834,6.639578748825732,6.483677400269771,6.602896027131091,13162868
2024-02-21,6.657920837402344,6.859675815523981,6.502019044752983,6.557043129695248,17553020
2024-02-22,6.7037739753723145,6.7587980599246835,6.593725806267576,6.648749890819945,11952085
2024-02-23,6.813821792602539,6.813821792602539,6.63040818689969,6.722114989751114,13264809
2024-02-26,6.923871040344238,7.015577851765555,6.758798342493298,6.795481067061825,17673737
2024-02-27,7.043089389801025,7.052260289216068,6.841334412888161,6.868846236548184,11853800
2024-02-28,6.648749828338623,7.143967021948717,6.630408466993528,7.043089315904424,23482048
2024-02-29,6.923871040344238,6.942212402628502,6.612067444219192,6.630408806503455,18082813
2024-03-01,7.033918857574463,7.052260218929196,6.905529328091335,6.9422120508008,17788933
2024-03-04,7.033918857574463,7.107284302993394,6.914699790122427,7.052260218929196,12539184
2024-03-05,6.914700031280518,7.033919102890455,6.868846407648214,6.988065479258152,14055843
2024-03-06,6.914700031280518,7.024748203246969,6.795480959670579,6.859675945297291,11278715
2024-03-07,6.951382160186768,7.098113043580939,6.914699439338225,6.923870338196624,18197414
2024-03-08,7.043089389801025,7.061430751338559,6.9238707584533365,6.988065305188426,10294727
2024-03-11,7.079771518707275,7.079771518707275,6.98806471871609,7.006406078714327,10888465
2024-03-12,7.143967151641846,7.162308513319913,7.033918981573441,7.079772167122331,11153715
2024-03-13,7.116455078125,7.217332345169307,7.088942817926754,7.134796439159651,13470544
2024-03-14,7.01557731628418,7.12562548159006,6.942211872746927,7.107284120705747,13306335
2024-03-15,7.098113536834717,7.098113536834717,6.978894904438614,7.01557762783627,7676260
2024-03-18,7.2081618309021,7.2081618309021,7.079771867300273,7.0981132282016,9734559
2024-03-19,7.2081618309021,7.2998686354087345,7.153137748198119,7.1623082100025135,9740168
2024-03-20,7.354893207550049,7.593330463665237,7.198990982844646,7.198990982844646,18645186
2024-03-21,7.2723565101623535,7.409916938117477,7.226503325705677,7.354893291686483,14807600
2024-03-22,7.171479225158691,7.327380576696722,7.125625603517035,7.263186031149458,10349000
2024-03-25,7.061429977416992,7.244844009982989,7.0522595162995705,7.153137212346243,14714543
2024-03-26,7.107284069061279,7.15313768958514,6.997235904555055,7.0247477270353444,11602133
2024-03-27,6.859675407409668,7.09811309464037,6.8505045084853,7.09811309464037,13136155
2024-03-28,7.134796619415283,7.19899116601212,6.813822137260896,6.813822137260896,15086500
2024-03-29,7.189820766448975,7.162308505316339,7.061430797553418,7.116455319818687,4379600
2024-04-01,7.4190874099731445,7.474111053234245,7.17147882883559,7.17147882883559,17495860
2024-04-02,7.44659948348999,7.464941281587475,7.3732340402701935,7.4190876609288345,13330411
2024-04-03,7.4190874099731445,7.501623749449837,7.345721969234983,7.446599231603695,10454218
2024-04-08,7.2723565101623535,7.437428761332974,7.263186048188037,7.38240511490198,12655671
2024-04-09,7.464941024780273,7.464941024780273,7.217332006492844,7.217332006492844,11622571
2024-04-10,7.474111557006836,7.55664790204667,7.373234287838761,7.474111557006836,18230093
2024-04-11,7.483282089233398,7.547476632410505,7.391575723921111,7.4007457482428,13915888
2024-04-12,7.455770492553711,7.565818659007243,7.446599593369646,7.474111416336758,10750299
2024-04-15,7.620842933654785,7.7859147407168185,7.47411117519901,7.501623871863561,28608759
2024-04-16,7.474111557006836,7.74923241561125,7.455770632878595,7.56581880140334,27761503
2024-04-17,7.978499889373779,8.198596232971026,7.464941754313536,7.464941754313536,33705110
2024-04-18,7.428258419036865,7.795085628175824,7.244844377174859,7.703378388598557,52616562
2024-04-19,7.501623630523682,7.868450828399034,7.3640627753816545,7.391575471161076,29141906
2024-04-22,7.364063262939453,7.5016241271890705,7.153137828842492,7.428258682756642,26089349
2024-04-23,7.501623630523682,7.556647272912471,7.309038695700352,7.309038695700352,18757504
2024-04-24,7.483282089233398,7.519964810275324,7.354893002879185,7.483282089233398,13398402
2024-04-25,7.538307189941406,7.6208435373026635,7.4007463194776015,7.4374290433509245,14206503
2024-04-26,7.648355007171631,7.721720451518858,7.501624118477177,7.501624118477177,18962177
2024-04-29,7.712549209594727,7.804256448245966,7.639183768507753,7.703378310812593,20181610
2024-04-30,7.694209098815918,7.758403647897133,7.611672750234278,7.685038199065705,18457940
2024-05-06,7.905134201049805,7.932646024516325,7.749232410431024,7.776744233897545,17927124
2024-05-07,7.850110054016113,7.914304596210104,7.813427333535969,7.868450976963663,11607000
2024-05-08,7.703378200531006,7.87762177655688,7.694208176465196,7.840939056538543,13718555
2024-05-09,7.868451118469238,7.868451118469238,7.675866613838799,7.675866613838799,9632100
2024-05-10,7.740062236785889,7.8592813157655455,7.712550410739869,7.8592813157655455,10377139
2024-05-13,7.602500915527344,7.72171997386312,7.565818195622876,7.703378176618371,13763600
2024-05-14,7.630013465881348,7.7400616361102,7.602501641970413,7.63918436538003,9615978
2024-05-15,7.620842933654785,7.694208375590145,7.593330236990234,7.694208375590145,7781200
2024-05-16,7.703378200531006,7.785914539218521,7.620842736428522,7.639183659145174,9985250
2024-05-17,7.914304733276367,7.923475632201493,7.685037507658575,7.712549329848894,13123152
2024-05-20,7.978499889373779,8.033524412565654,7.89596354187853,7.941817165440904,13874070
2024-05-21,8.042695999145508,8.088548752039175,7.923476917534532,7.978500570841013,14458552
2024-05-22,8.031248092651367,8.098015896742721,7.945403253309278,8.040786610276735,15333381
2024-05-23,7.8118672370910645,8.088477898486397,7.773714073782852,7.993095445037449,17150991
2024-05-24,7.7450995445251465,7.869097554541774,7.735561026144672,7.869097554541774,17397850
2024-05-27,7.945404052734375,7.954942571319458,7.61156363422366,7.792791393945842,17478092
2024-05-28,7.830944538116455,8.021710361102084,7.821406019556375,7.964481069027994,9129900
2024-05-29,7.84048318862915,7.93586564690562,7.80233002338992,7.8690978351477705,8772700
2024-05-30,7.9167890548706055,7.9454036997112745,7.7164847216996,7.850020337384831,10941805
2024-05-31,7.983557224273682,8.059863553733345,7.897712376220761,7.926327932000534,10569400
2024-06-03,7.90725040435791,8.145707896539564,7.85002020599133,8.078940089814507,13063350
2024-06-04,7.9167890548706055,7.964480736033827,7.802329565864768,7.907250536709329,12615700
2024-06-05,7.821405410766602,7.964480449101781,7.811866892948965,7.916788769656721,8824556
2024-06-06,7.735561370849609,7.935865717549451,7.687870596108445,7.869097905197243,14051643
2024-06-07,7.754638195037842,7.8881747257102885,7.678331865980213,7.735561157951837,11327656
2024-06-11,7.764176368713379,7.811867140023682,7.649716880210972,7.706946169640598,11738800
2024-06-12,7.773714542388916,7.916789595651773,7.754638414406467,7.811867707997034,14430100
2024-06-13,7.84048318862915,7.907251000387,7.773714467228088,7.773714467228088,10940980
2024-06-14,7.792791366577148,7.85955917715184,7.745099683462429,7.830944531140286,11190900
2024-06-17,7.859559059143066,7.9549424239403566,7.754638085580593,7.773714212754142,16201200
2024-06-18,7.926327228546143,7.94540335439647,7.850019996215478,7.850019996215478,10075971
2024-06-19,7.8690972328186035,7.983556719775152,7.802329426171403,7.954942075446801,8414483
2024-06-20,7.716484546661377,7.907250357343836,7.7069460287164695,7.8690971952073445,9214461
2024-06-21,7.716484546661377,7.773713835044545,7.525718281157348,7.640178222388393,9482816
2024-06-24,7.3349528312683105,7.745099571820779,7.315876249261721,7.649717116609423,13921210
2024-06-25,7.182340145111084,7.439874228531393,7.106033362582972,7.334952800524129,13097533
2024-06-26,7.439874172210693,7.4494122356910095,7.1251098905717045,7.191878154220263,12367600
2024-06-27,7.392182350158691,7.535256938222853,7.382643832037678,7.430335512999591,11237400
2024-06-28,7.687870502471924,7.79279147912508,7.344491106801212,7.3635676893582955,18741850
2024-07-01,7.70694637298584,7.754638055197627,7.554333717622663,7.668793209145045,11586800
2024-07-02,7.716484546661377,7.773713835044545,7.668792866579977,7.7069460287164695,11062000
2024-07-03,7.716484546661377,7.764176226742776,7.668792866579977,7.7069460287164695,7558900
2024-07-04,7.554333686828613,7.764176541919179,7.49710394130071,7.687870214548641,8901900
2024-07-05,7.516180515289307,7.563871742435264,7.430335669676362,7.506641996967163,9519600
2024-07-08,7.306337833404541,7.525718756970501,7.2491080865814554,7.478027528695395,14617270
2024-07-09,7.67833137512207,7.706946019278614,7.287260781469576,7.296799299402803,13050408
2024-07-10,7.84048318862915,7.878636353868381,7.640178843712388,7.668793490231008,24012305
2024-07-11,8.107555389404297,8.136170036078564,7.821406193731973,7.964481246389743,21986245
2024-07-12,8.088478088378906,8.117093643764246,7.974018595767113,8.107555125302465,9747900
2024-07-15,7.964481353759766,8.117094017604202,7.935865797056512,8.069402332742008,11509094
2024-07-16,7.983557224273682,8.012171870410254,7.869097730084186,7.94540405954385,7836240
2024-07-17,7.735561370849609,8.002634439544877,7.726023761687309,7.993095920739356,12561900
2024-07-18,7.668792724609375,7.726022921576193,7.468488399690196,7.726022921576193,12886062
2024-07-19,7.611563205718994,7.745099274641342,7.582948106396276,7.678331467590955,10076600
2024-07-22,7.640178203582764,7.6878698835467745,7.478027037491009,7.602024586718614,12007300
2024-07-23,7.411259174346924,7.649717132145987,7.401721110735053,7.640178613712524,9273945
2024-07-24,7.2300310134887695,7.449411922161823,7.201416369430561,7.392182179223839,9910900
2024-07-25,7.134648323059082,7.277722912115635,7.086956641766371,7.191878067717387,12025905
2024-07-26,7.3444905281066895,7.363567109160671,7.153724717566867,7.17280129862085,9699100
2024-07-29,7.3349528312683105,7.373105995281489,7.268184566834452,7.34449089486081,6843978
2024-07-30,7.306337833404541,7.344490997953264,7.220493440580712,7.334952934226883,7836900
2024-07-31,7.8023295402526855,7.82140566686946,7.296799449903998,7.344490676089088,18965878
2024-08-01,7.964481353759766,8.01217212897873,7.754638486152051,7.840483336975354,20393178
2024-08-02,7.70694637298584,7.92632774730279,7.6783317275160385,7.89771219218981,11902100
2024-08-05,7.3349528312683105,7.716484926221691,7.3349528312683105,7.640178598195333,16477400
2024-08-06,7.325414180755615,7.516180452203028,7.249107854105283,7.40172096222753,13388570
2024-08-07,7.220493316650391,7.382644035788562,7.182340152756516,7.315876226385077,10882091
2024-08-08,7.306337833404541,7.334952934226883,7.096495428386561,7.20141685830635,9829071
2024-08-09,7.373106002807617,7.487565494963989,7.325414320331666,7.3444909023577285,10824891
2024-08-12,7.392182350158691,7.439874031120604,7.325414087776329,7.392182350158691,7710100
2024-08-13,7.468488693237305,7.468488693237305,7.334952622983103,7.382643849234529,6241400
2024-08-14,7.363567352294922,7.497103878903548,7.363567352294922,7.497103878903548,5573900
2024-08-15,7.535256862640381,7.678331449269431,7.306337433069586,7.344490595527789,13037000
2024-08-16,7.544795036315918,7.640178398679614,7.544795036315918,7.544795036315918,8875200
2024-08-19,7.535256862640381,7.63063976878589,7.516180281411279,7.535256862640381,8140000
2024-08-20,7.468488693237305,7.554333537240081,7.420797466985879,7.5352569557751945,7095908
2024-08-21,7.401721000671387,7.506641972949752,7.373105900618096,7.439874164194717,5857900
2024-08-22,7.258646011352539,7.4207971748310095,7.23003091287099,7.354028914921768,5837308
2024-08-23,7.3349528312683105,7.363567476867399,7.191878238808094,7.258646503241953,6148700
2024-08-26,7.458950519561768,7.458950519561768,7.277722770915796,7.277722770915796,6952517
2024-08-27,7.268184661865234,7.430335838452151,7.210954915097193,7.401721192478928,7374992
2024-08-28,7.020188808441162,7.315876048854182,6.838961056932231,7.258646304402138,23339252
2024-08-29,7.392182350158691,7.48756525726094,6.9534205226667725,6.991573685507672,18567000
2024-08-30,7.392182350158691,7.592486682484202,7.382643832037678,7.439874031120604,16723317
2024-09-02,7.077418804168701,7.430335801563672,7.077418804168701,7.382644118749608,18789100
2024-09-03,7.172801494598389,7.239569757522374,7.039265423571998,7.058342005147197,10298700
2024-09-04,7.096495151519775,7.210954640700357,7.048803470283743,7.096495151519775,8089872
2024-09-05,7.144186019897461,7.23956937758931,7.0964947958730935,7.115571376447152,7600819
2024-09-06,7.010650157928467,7.172801324891996,6.9915735768046146,7.153724743768144,7393175
2024-09-09,6.877114295959473,7.020188886082744,6.8580377142644755,6.9915737861294565,8585557
2024-09-10,6.829422473907471,6.915267317180897,6.676809823485003,6.905728799118704,12701415
2024-09-11,6.714962959289551,6.848499027876235,6.657733215609544,6.800807802220349,8770685
2024-09-12,6.638657093048096,6.819884854633276,6.638657093048096,6.705425359365248,8976942
2024-09-13,6.54327392578125,6.6768099983991895,6.533735407469175,6.629118316481989,8097276
2024-09-18,6.466967582702637,6.610041718459995,6.381122737390953,6.543273909725651,7465912
2024-09-19,6.667271614074707,6.762654979825962,6.466967728533222,6.543274057276949,9822569
2024-09-20,6.600503444671631,6.705424868395806,6.533735183243233,6.686348287247917,8223679
2024-09-23,6.638657093048096,6.705425359365248,6.552812244186272,6.590965409275615,7420470
2024-09-24,6.953420639038086,6.962959157318735,6.657733394661754,6.676809976401466,14427822
2024-09-25,7.1060333251953125,7.258646434626989,7.0678801615427895,7.0678801615427895,17740453
2024-09-26,7.420797348022461,7.4303354111912086,7.1155715946558065,7.134648175814874,17389840
2024-09-27,7.697407245635986,7.821405245719284,7.51617995914077,7.554333119963084,19457128
2024-09-30,8.470010757446289,8.470010757446289,7.935865541545409,8.06940207293143,42745240
2024-10-08,8.927848815917969,9.3189198950599,8.66077666034573,9.3189198950599,55285458
2024-10-09,8.317398071289062,8.861080894361004,8.250629350993016,8.861080894361004,39158612
2024-10-10,8.288782119750977,8.565392777358145,8.117093342036869,8.374626963429607,25136619
2024-10-11,7.983557224273682,8.326935706842168,7.859559211490929,8.326935706842168,20667328
2024-10-14,8.098015785217285,8.15524598053821,7.811866627898856,8.002633339206538,20368351
2024-10-15,7.84048318862915,8.164785547984215,7.83094466990854,8.088478307862543,19598068
2024-10-16,7.8118672370910645,7.916789118421024,7.726023301879961,7.764176465188173,13448950
2024-10-17,7.735561370849609,7.964481273966014,7.716485242881788,7.859559386391722,13236378
2024-10-18,8.012170791625977,8.183860464614973,7.659253837982099,7.659253837982099,22060352
2024-10-21,8.012170791625977,8.202937499232895,7.945402989749401,8.117092662738397,25323206
2024-10-22,8.050325393676758,8.088478560105814,7.916789765996682,8.012172227247701,18968000
2024-10-23,8.088478088378906,8.174322935248549,7.945403950024962,8.050324924174975,17011431
2024-10-24,8.069401741027832,8.098016385989599,7.974018378297729,8.088477867787956,11608253
2024-10-25,8.231553077697754,8.269706241629713,8.078940421969923,8.09801654911431,20350049
2024-10-28,8.346012115478516,8.346012115478516,8.12663166221464,8.212475594159331,19840210
2024-10-29,8.107555389404297,8.365089938402354,8.088478351859308,8.346012900857366,25999488
2024-10-30,8.174323081970215,8.336474260158186,8.069402105936964,8.107555270825712,24964785
2024-10-31,8.202938079833984,8.279244404420457,8.078940074970182,8.14570788157256,19953979
2024-11-01,7.897712230682373,8.202938452539543,7.897712230682373,8.202938452539543,25405166
2024-11-04,8.088478088378906,8.117093643764246,7.9263278227445895,7.954942468486741,16015838
2024-11-05,8.250629425048828,8.298321108647446,8.069402118945924,8.098016765247813,23639156
2024-11-06,8.326934814453125,8.47000984908919,8.202937724602213,8.326934814453125,33776209
2024-11-07,8.546317100524902,8.565393228100033,8.222014744958852,8.307859593154948,29672740
2024-11-08,8.48669147491455,8.695380648384633,8.397253122324333,8.645692569421037,31336872
2024-11-11,8.685442924499512,8.685442924499512,8.456879085933293,8.476753749072348,26519724
2024-11-12,8.645692825317383,8.824569535792236,8.526442000907917,8.70531871138277,29448275
2024-11-13,8.675504684448242,8.685442489380554,8.476753324408197,8.57612947828884,18836318
2024-11-14,8.397253036499023,8.67550494904146,8.36744056851408,8.665568091527327,18543600
2024-11-15,8.28794002532959,8.526441664745382,8.278002220090281,8.377378377040829,16086747
2024-11-18,8.218377113342285,8.437003137737028,8.188563698243797,8.347564787884066,21179064
2024-11-19,8.407191276550293,8.42706594032774,8.178626482921079,8.218377705918611,19842326
2024-11-20,8.635754585266113,8.725192936004358,8.327690207969113,8.407190753576161,27429380
2024-11-21,8.605942726135254,8.64569300174959,8.486691899292243,8.605942726135254,16151800
2024-11-22,8.357502937316895,8.755006625519338,8.33762827415348,8.576129918442174,26084783
2024-11-25,8.307814598083496,8.397252948825797,8.158751311993834,8.307814598083496,17812426
2024-11-26,8.208439826965332,8.34756531533068,8.188564215643819,8.317752846069721,12906556
2024-11-27,8.755006790161133,8.79475706495677,7.960000346527086,8.178626384042436,43230404
2024-11-28,8.645692825317383,8.774881455357965,8.596004744883112,8.715256517013886,31612545
2024-11-29,8.824569702148438,8.874257783519402,8.407191334986454,8.605942712748988,39055453
2024-12-02,9.033258438110352,9.053133101041107,8.784818991287608,8.81463145954438,41099114
2024-12-03,8.914007186889648,9.07300827354237,8.794756371900107,9.053132663850164,27038540
2024-12-04,8.705318450927734,8.914007624330841,8.645692566646298,8.894132013663269,22554584
2024-12-05,8.705318450927734,8.834507077103112,8.645692566646298,8.705318450927734,20514979
2024-12-06,8.794756889343262,8.844444021054676,8.665568261906751,8.695380730477858,18072249
2024-12-09,8.715256690979004,8.914008068962055,8.645692997893942,8.774881630513256,18019900
2024-12-10,8.705318450927734,8.933882287277132,8.685442840260162,8.894132013663269,22313975
2024-12-11,8.854381561279297,8.894131834090603,8.65563019722277,8.665568002355911,22621713
2024-12-12,8.844444274902344,8.894132355761162,8.695380980047204,8.85438208061837,19171425
2024-12-13,8.72519302368164,8.933882194927525,8.715256166171852,8.834506985780747,20953597
2024-12-16,8.566191673278809,8.774880838249274,8.536379206203382,8.75500617610607,18894247
2024-12-17,8.417128562927246,8.605942121908333,8.397252952654888,8.556254043948702,18844600
2024-12-18,8.516504287719727,8.605942643927968,8.38731565627686,8.437003737250473,14763174
2024-12-19,8.615880012512207,8.635754675260456,8.40719084118861,8.446941114406378,14781370
2024-12-20,8.76494312286377,8.824569005345028,8.576129565828742,8.615879838242499,23703378
2024-12-23,8.546317100524902,8.8643192799122,8.536379295488736,8.77488093002921,20970611
2024-12-24,8.685442924499512,8.72519319849891,8.53637963393209,8.54631743936226,17421361
2024-12-25,8.53637981414795,8.715256524782243,8.437003653190828,8.675505302222348,15706698
2024-12-26,8.715256690979004,8.735131354916646,8.486691895507501,8.496629701336985,17262000
2024-12-27,8.844444274902344,8.963696048052034,8.665568510620439,8.725193449473968,27854856
2024-12-30,9.053133010864258,9.291635597706575,8.90406972334392,8.90406972334392,46420543
2024-12-31,8.665568351745605,9.102821370299703,8.665568351745605,9.053133290351868,28522978
2025-01-02,8.337628364562988,8.894132207271081,8.238252204504464,8.655630560396185,34255233
2025-01-03,8.437003135681152,8.88419393711575,8.347564785849983,8.35750259088039,47058920
2025-01-06,8.168689727783203,8.506567545747474,8.029563288703406,8.486691933998362,42084923
2025-01-07,8.347564697265625,8.377378112040468,8.069312793415769,8.158751142297819,24857894
2025-01-08,8.009688377380371,8.317752768209635,7.800998725203867,8.297878104795473,33903609
2025-01-09,8.009688377380371,8.18856413899303,7.9003744115779275,7.950062491695284,20083739
2025-01-10,7.552558898925781,7.9997501762900605,7.542621567710021,7.979874566137284,26080100
2025-01-13,7.522746562957764,7.562496836237119,7.314057391310833,7.443245542538419,20048400
2025-01-14,8.079251289367676,8.11900156474611,7.532684292123213,7.552559429812431,33927929
2025-01-15,7.98981237411499,8.079250724392448,7.830811283720066,8.069312919312452,22055684
2025-01-16,7.999750137329102,8.089188487138493,7.930186923715061,8.079250682110507,15682300
2025-01-17,8.208439826965332,8.278002571148006,7.910312291191812,7.96993817743504,21494696
2025-01-20,8.228314399719238,8.347565223167772,8.168689461855621,8.29787809085519,15633800
2025-01-21,8.278002738952637,8.287940544814845,8.148814105907933,8.248190269087345,11717400
2025-01-22,8.228314399719238,8.29787809085519,8.168689461855621,8.258127816372346,10119000
2025-01-23,8.099125862121582,8.367440928699802,8.089189004179705,8.347565317373425,16973735
2025-01-24,8.158751487731934,8.178626150702064,8.05937532971744,8.069313135063146,15355026
2025-01-27,8.099125862121582,8.21837763463722,8.089189004179705,8.148813942716213,12350501
2025-02-05,8.109063148498535,8.218377108350763,8.06931287611261,8.168689030938046,12309596
2025-02-06,8.238251686096191,8.248189491020948,8.059374988335538,8.07925059818505,17479337
2025-02-07,8.307814598083496,8.397252948825797,8.218377195062454,8.238251857604487,24468163
2025-02-10,8.258127212524414,8.327689950852523,8.218376940948176,8.297877484100653,15560900
2025-02-11,8.268064498901367,8.307814772541422,8.128939015021821,8.268064498901367,17207765
2025-02-12,8.407191276550293,8.417129082299676,8.238252369696058,8.238252369696058,20703700
2025-02-13,8.28794002532959,8.407190845037485,8.218377284096968,8.377378377040829,17884278
2025-02-14,8.397253036499023,8.397253036499023,8.23825194361763,8.258127554088441,18644384
2025-02-17,8.158751487731934,8.446941208708429,8.128939019416098,8.387315324355477,38049580
2025-02-18,7.999750137329102,8.188563694254624,7.950062059910412,8.168689031919898,21836469
2025-02-19,8.029562950134277,8.079251029690615,7.9600002073881795,7.9600002073881795,13267567
2025-02-20,8.119001388549805,8.208439743140646,7.9699380960459365,8.019625228399692,20441396
2025-02-21,8.148813247680664,8.188563519221692,8.059374899783043,8.128938585770765,16601109
2025-02-24,8.745068550109863,8.864319368572843,8.158751315209267,8.22831405571569,64560061
2025-02-25,8.993508338928223,9.112759161989079,8.54631751551969,8.645692727543087,65931050
2025-02-26,9.291635513305664,9.609637695911813,9.013382655804024,9.043196071214297,99659436
2025-02-27,9.301572799682617,9.381073349000488,9.12269703757806,9.301572799682617,44542619
2025-02-28,8.695380210876465,9.470510981455508,8.645692134412924,9.281697428159532,49426378
